<?xml version="1.0" encoding="UTF-8"?>
<DAQNavi Profile="1.0.0.0" Version="3.2.1.0">
    <DaqDevice ModuleIndex="0">
        <Property ID="8">
            <Description>Product ID:</Description>
            <Attribute>0</Attribute>
            <Type>2</Type>
            <EnumType>ProductId</EnumType>
            <Tip>Product ID is used to represent a DAQ Device model and distinguish devices of different models. Each device model owns an unique Product ID.</Tip>
            <Value>2060</Value>
        </Property>
    </DaqDevice>
    <DaqDio ModuleIndex="0">
        <Property ID="120">
            <Description>DI Data Mask:</Description>
            <Attribute>0</Attribute>
            <Type>65536</Type>
            <EnumType></EnumType>
            <Tip>DiDataMask is used to describe whether each channel of a digital port is used DI function or not. The value of DataMask has 8 bits and each bit corresponds to one channel of the digital port. Value 1 means that the corresponding channel can be used for DI function. DiDataMask of this port will be changed when the port direction changing.</Tip>
            <Value>255</Value>
        </Property>
        <Property ID="121">
            <Description>DO Data Mask:</Description>
            <Attribute>0</Attribute>
            <Type>65536</Type>
            <EnumType></EnumType>
            <Tip>Do DataMask is used to describe whether each channel of  one digital port could be used for digital output.  Every DataMask has 8 bits and each bit corresponds to one channel of digital port. When the value of one bit is 1, it means the corresponding channel could be used for digital output.DoDataMask of this port will be changed when the port direction changing.</Tip>
            <Value>255</Value>
        </Property>
        <Property ID="124">
            <Description>Trigger Edge:</Description>
            <Attribute>1</Attribute>
            <Type>65536</Type>
            <EnumType>ActiveSignal</EnumType>
            <Tip>Gets or sets the signal edge of trigger source at which the signal is considered as a valid trigger signal.</Tip>
            <Value>1,0,0,0,0,0,0,0</Value>
        </Property>
        <Property ID="126">
            <Description>Status Change Channels Enabled/Disabled:</Description>
            <Attribute>1</Attribute>
            <Type>65536</Type>
            <EnumType></EnumType>
            <Tip>Gets or sets which channel enabled to be used for Status Change Interrupt function. If one of a enabled channel has status changing, Status Change Interrupt would happen.</Tip>
            <Value>0,0,0,0,0,0,0,0</Value>
        </Property>
        <Property ID="127">
            <Description>Pattern Match Channels Enabled/Disabled:</Description>
            <Attribute>1</Attribute>
            <Type>65536</Type>
            <EnumType></EnumType>
            <Tip>Gets or sets which channel enabled to be used for Pattern Match Interrupt function. If all the enabled channel value equal to this value's corresponding bit,Pattern Match events would happen.</Tip>
            <Value>0,0,0,0,0,0,0,0</Value>
        </Property>
        <Property ID="128">
            <Description>Pattern Match Value:</Description>
            <Attribute>3</Attribute>
            <Type>65536</Type>
            <EnumType></EnumType>
            <Tip>Gets or sets the match value for Pattern Match Interrupt function. If all the enabled channel value equal to this value's corresponding bit,Pattern Match events would happen.</Tip>
            <Value>0</Value>
        </Property>
        <Property ID="354">
            <Description>DI Inverse Ports:</Description>
            <Attribute>1</Attribute>
            <Type>65536</Type>
            <EnumType></EnumType>
            <Tip>Gets or sets whether enable the DI value inverse.</Tip>
            <Value>255</Value>
        </Property>
        <Property ID="122">
            <Description>Noise Filter Overall Block Time:</Description>
            <Attribute>3</Attribute>
            <Type>5</Type>
            <EnumType></EnumType>
            <Tip>Gets or sets the interval time. The time means how long the status keep would be approved by device driver in noise filter function.</Tip>
            <Value>0.06</Value>
        </Property>
        <Property ID="123">
            <Description>Noise Filter Channels Enabled/Disabled:</Description>
            <Attribute>1</Attribute>
            <Type>65536</Type>
            <EnumType></EnumType>
            <Tip>Gets or sets whether the channel that supporting Noise Filter function is enable or not.</Tip>
            <Value>0,0,0,0,0,0,0,0</Value>
        </Property>
        <Property ID="26">
            <Description>Channel Number Max:</Description>
            <Attribute>2</Attribute>
            <Type>2</Type>
            <EnumType></EnumType>
            <Tip> Max number of physical channel.Physical channel refers to visible input/output terminals or pins that can connect wires on a data acquisition card.</Tip>
            <Value>7</Value>
        </Property>
        <Property ID="82">
            <Description>Ports Type:</Description>
            <Attribute>0</Attribute>
            <Type>65536</Type>
            <EnumType>DioPortType</EnumType>
            <Tip>The type of all digital port.There are six kinds of port type,the name and meaning, listed in the DioPortType Enumeration.</Tip>
            <Value>2</Value>
        </Property>
        <Property ID="83">
            <Description>Noise Filter Channels:</Description>
            <Attribute>0</Attribute>
            <Type>65536</Type>
            <EnumType></EnumType>
            <Tip>Gets which channel of the selected device supports Noise filter function.Gets the NoiseFiltersOfChannels will return a collection of 8-bit unsigned integer type, The total element number of the collection equals to PortCount multiply by 8. Each element in this collection corresponding to the number's channel, if the channel supporting Noise filter function, the corresponding bit will be 1,otherwise is 0.</Tip>
            <Value>1,0,0,0,0,0,0,0</Value>
        </Property>
        <Property ID="84">
            <Description>Noise Filter Block Time Range:</Description>
            <Attribute>2</Attribute>
            <Type>7</Type>
            <EnumType></EnumType>
            <Tip>The range of the block time which can be set in Noise filter function of the selected device.</Tip>
            <Value>5,0.06,0.255</Value>
        </Property>
        <Property ID="86">
            <Description>Interrupt Channels</Description>
            <Attribute>0</Attribute>
            <Type>65536</Type>
            <EnumType></EnumType>
            <Tip>Gets which channels support DI interrupt function. </Tip>
            <Value>1,0,0,0,0,0,0,0</Value>
        </Property>
        <Property ID="85">
            <Description>Interrupt Trigger Edge:</Description>
            <Attribute>0</Attribute>
            <Type>65536</Type>
            <EnumType>ActiveSignal</EnumType>
            <Tip>The supported trigger edge type which can be used in DI Interrupt. </Tip>
            <Value>1,2</Value>
        </Property>
        <Property ID="88">
            <Description>Status Change Interrupt Channels</Description>
            <Attribute>0</Attribute>
            <Type>65536</Type>
            <EnumType></EnumType>
            <Tip>Gets the channels which support DI Status Change Interrupt of the selected device.</Tip>
            <Value>1,1,1,1,1,1,1,1</Value>
        </Property>
        <Property ID="89">
            <Description>Pattern Match Interrupt Channels</Description>
            <Attribute>0</Attribute>
            <Type>65536</Type>
            <EnumType></EnumType>
            <Tip>Gets the ports which support DI Pattern Match Interrupt of the selected device. </Tip>
            <Value>1,1,1,1,1,1,1,1</Value>
        </Property>
    </DaqDio>
    <DaqCounter ModuleIndex="0">
        <Property ID="279">
            <Description>Clock Source:</Description>
            <Attribute>1</Attribute>
            <Type>65538</Type>
            <EnumType>SignalDrop</EnumType>
            <Tip>Gets or sets the clock source for primary counter.</Tip>
            <Value>0,0</Value>
        </Property>
        <Property ID="290">
            <Description>Clock Polarity:</Description>
            <Attribute>1</Attribute>
            <Type>65538</Type>
            <EnumType>SignalPolarity</EnumType>
            <Tip>Gets or sets the clock polarity from the counter supported polarities.</Tip>
            <Value>1,1</Value>
        </Property>
        <Property ID="292">
            <Description>Gate Enabled/Disabled:</Description>
            <Attribute>1</Attribute>
            <Type>65538</Type>
            <EnumType></EnumType>
            <Tip>Gets or sets whether enabled the gate control or not.</Tip>
            <Value>0,0</Value>
        </Property>
        <Property ID="291">
            <Description>Gate Polarity:</Description>
            <Attribute>1</Attribute>
            <Type>65538</Type>
            <EnumType>SignalPolarity</EnumType>
            <Tip>Gets or sets the clock polarity from the gate supported polarities.</Tip>
            <Value>1,1</Value>
        </Property>
        <Property ID="231">
            <Description>Frequency Measurement Method:</Description>
            <Attribute>1</Attribute>
            <Type>65538</Type>
            <EnumType>FreqMeasureMethod</EnumType>
            <Tip>Gets or sets the frequency measurement method.</Tip>
            <Value>0,0</Value>
        </Property>
        <Property ID="232">
            <Description>Collection Period Configuration:</Description>
            <Attribute>3</Attribute>
            <Type>65541</Type>
            <EnumType></EnumType>
            <Tip>Gets or Sets the CollectionPeriod for the method of CountingPulseBySysTime,this is the gate width for pulse counting in Frequency Measurement function.</Tip>
            <Value>0,0</Value>
        </Property>
        <Property ID="281">
            <Description>Clock Source:</Description>
            <Attribute>1</Attribute>
            <Type>65538</Type>
            <EnumType>SignalDrop</EnumType>
            <Tip>Gets or sets the clock source.</Tip>
            <Value>631,632</Value>
        </Property>
        <Property ID="282">
            <Description>Gate Source:</Description>
            <Attribute>1</Attribute>
            <Type>65538</Type>
            <EnumType>SignalDrop</EnumType>
            <Tip>Gets or sets the gate source.</Tip>
            <Value>639,640</Value>
        </Property>
        <Property ID="296">
            <Description>Clock Polarity:</Description>
            <Attribute>1</Attribute>
            <Type>65538</Type>
            <EnumType>SignalPolarity</EnumType>
            <Tip>Gets or sets the clock polarity from the supported.</Tip>
            <Value>1,1</Value>
        </Property>
        <Property ID="297">
            <Description>Gate Polarity:</Description>
            <Attribute>1</Attribute>
            <Type>65538</Type>
            <EnumType>SignalPolarity</EnumType>
            <Tip>Gets or sets the gate polarity from the supported.</Tip>
            <Value>1,1</Value>
        </Property>
        <Property ID="298">
            <Description>Out Signal Type:</Description>
            <Attribute>1</Attribute>
            <Type>65538</Type>
            <EnumType>OutSignalType</EnumType>
            <Tip>Gets or sets the output signal type from the supported.</Tip>
            <Value>3,3</Value>
        </Property>
        <Property ID="283">
            <Description>Delay Count:</Description>
            <Attribute>3</Attribute>
            <Type>65538</Type>
            <EnumType></EnumType>
            <Tip>Gets or sets the delay count.</Tip>
            <Value>1000,1000</Value>
        </Property>
        <Property ID="303">
            <Description>Gate Enabled/Disabled:</Description>
            <Attribute>1</Attribute>
            <Type>65538</Type>
            <EnumType></EnumType>
            <Tip>Gets or sets whether enable the gate control.</Tip>
            <Value>0,0</Value>
        </Property>
        <Property ID="304">
            <Description>Gate Polarity:</Description>
            <Attribute>1</Attribute>
            <Type>65538</Type>
            <EnumType>SignalPolarity</EnumType>
            <Tip>Gets or sets the gate polarity from the supported. </Tip>
            <Value>1,1</Value>
        </Property>
        <Property ID="305">
            <Description>Out Signal Type:</Description>
            <Attribute>1</Attribute>
            <Type>65538</Type>
            <EnumType>OutSignalType</EnumType>
            <Tip>Gets or sets the output signal type from the supported.</Tip>
            <Value>3,3</Value>
        </Property>
        <Property ID="284">
            <Description>Frequency of Signals:</Description>
            <Attribute>3</Attribute>
            <Type>65541</Type>
            <EnumType></EnumType>
            <Tip>Gets or sets the frequency value.</Tip>
            <Value>0.005,0.005,0,0,0,0,0,0</Value>
        </Property>
        <Property ID="311">
            <Description>Gate Enabled/Disabled:</Description>
            <Attribute>1</Attribute>
            <Type>65538</Type>
            <EnumType></EnumType>
            <Tip>Gets or sets whether enable the gate control.</Tip>
            <Value>0,0</Value>
        </Property>
        <Property ID="312">
            <Description>Gate Polarity:</Description>
            <Attribute>1</Attribute>
            <Type>65538</Type>
            <EnumType>SignalPolarity</EnumType>
            <Tip>Gets or sets the gate polarity from the supported.</Tip>
            <Value>0,0</Value>
        </Property>
        <Property ID="336">
            <Description>Output Inverse configuration:</Description>
            <Attribute>1</Attribute>
            <Type>65538</Type>
            <EnumType>OutSignalType</EnumType>
            <Tip>Gets or sets enabled the output inverse or not.</Tip>
            <Value>3,3</Value>
        </Property>
        <Property ID="285">
            <Description>High Pulse Period:</Description>
            <Attribute>3</Attribute>
            <Type>65541</Type>
            <EnumType></EnumType>
            <Tip>Gets or sets the high period.</Tip>
            <Value>0.08,0.08</Value>
        </Property>
        <Property ID="286">
            <Description>Low Pulse Period:</Description>
            <Attribute>3</Attribute>
            <Type>65541</Type>
            <EnumType></EnumType>
            <Tip>Gets or sets the low period.</Tip>
            <Value>0.02,0.02</Value>
        </Property>
        <Property ID="313">
            <Description>Out Signal Count:</Description>
            <Attribute>3</Attribute>
            <Type>65538</Type>
            <EnumType>OutSignal Count</EnumType>
            <Tip>Gets or sets the output signal count from the supported.</Tip>
            <Value>0,0</Value>
        </Property>
        <Property ID="122">
            <Description>Noise Filter Overall Block Time:</Description>
            <Attribute>3</Attribute>
            <Type>5</Type>
            <EnumType></EnumType>
            <Tip>Gets or sets the interval time. The time means how long the status keep would be approved by device driver in noise filter function.</Tip>
            <Value>0.001,0.001,0.001,0.001,0.001,0.001,0.001,0.001</Value>
        </Property>
        <Property ID="123">
            <Description>Noise Filter Channels Enabled/Disabled:</Description>
            <Attribute>1</Attribute>
            <Type>65536</Type>
            <EnumType></EnumType>
            <Tip>Gets or sets whether the channel that supporting Noise Filter function is enable or not.</Tip>
            <Value>0,0</Value>
        </Property>
        <Property ID="26">
            <Description>Channel Number Max:</Description>
            <Attribute>2</Attribute>
            <Type>2</Type>
            <EnumType></EnumType>
            <Tip> Max number of physical channel.Physical channel refers to visible input/output terminals or pins that can connect wires on a data acquisition card.</Tip>
            <Value>1</Value>
        </Property>
        <Property ID="23">
            <Description>Resolution:</Description>
            <Attribute>2</Attribute>
            <Type>2</Type>
            <EnumType></EnumType>
            <Tip>Data resolution refers to the number of the bit that is used to realize analog to digital(or digital to analog) conversion,the bigger bit number of ADC(or DAC) is, the higher the resolution will be</Tip>
            <Value>32</Value>
        </Property>
        <Property ID="174">
            <Description>Counter0 Capabilities:</Description>
            <Attribute>0</Attribute>
            <Type>65538</Type>
            <EnumType>CounterCapability</EnumType>
            <Tip>The supported functions of channel 0.</Tip>
            <Value>2,3,4,5,6,7</Value>
        </Property>
        <Property ID="175">
            <Description>Counter1 Capabilities:</Description>
            <Attribute>0</Attribute>
            <Type>65538</Type>
            <EnumType>CounterCapability</EnumType>
            <Tip>The supported functions of channel 1.</Tip>
            <Value>2,3,4,5,6,7</Value>
        </Property>
        <Property ID="176">
            <Description>Counter2 Capabilities:</Description>
            <Attribute>0</Attribute>
            <Type>65538</Type>
            <EnumType>CounterCapability</EnumType>
            <Tip>The supported functions of channel 2.</Tip>
            <Value>2,3,4,5,6,7</Value>
        </Property>
        <Property ID="287">
            <Description>Clock Polarities:</Description>
            <Attribute>0</Attribute>
            <Type>65538</Type>
            <EnumType>SignalPolarity</EnumType>
            <Tip>The supported CLK counting edge types, it would be Positive or Negative,Positive means rising edge and Negative means falling edge. </Tip>
            <Value>1,0</Value>
        </Property>
        <Property ID="289">
            <Description>Gate Control by Software Setting:</Description>
            <Attribute>0</Attribute>
            <Type>65538</Type>
            <EnumType></EnumType>
            <Tip>Gets whether the supported gate control can be enabled by software setting,1 means yes and 0 means no.</Tip>
            <Value>1,1</Value>
        </Property>
        <Property ID="288">
            <Description>Gate Polarities:</Description>
            <Attribute>0</Attribute>
            <Type>65538</Type>
            <EnumType>SignalPolarity</EnumType>
            <Tip>The supported gate level types, it would be Positive or Negative,Positive means high level and Negative means low level.</Tip>
            <Value>1,0</Value>
        </Property>
        <Property ID="259">
            <Description>Counter0 Clock Source:</Description>
            <Attribute>0</Attribute>
            <Type>65538</Type>
            <EnumType>SignalDrop</EnumType>
            <Tip>The supported clock sources which counter0 can be used.</Tip>
            <Value>631,687,688,689,7</Value>
        </Property>
        <Property ID="260">
            <Description>Counter1 Clock Source:</Description>
            <Attribute>0</Attribute>
            <Type>65538</Type>
            <EnumType>SignalDrop</EnumType>
            <Tip>The supported clock sources which counter1 can be used.</Tip>
            <Value>632,687,688,689,7</Value>
        </Property>
        <Property ID="267">
            <Description>Counter0 Gate Source:</Description>
            <Attribute>0</Attribute>
            <Type>65538</Type>
            <EnumType>SignalDrop</EnumType>
            <Tip>The supported gate source which counter0 can be used.</Tip>
            <Value>639,683,684,685,686</Value>
        </Property>
        <Property ID="268">
            <Description>Counter1 Gate Source:</Description>
            <Attribute>0</Attribute>
            <Type>65538</Type>
            <EnumType>SignalDrop</EnumType>
            <Tip>The supported gate source which counter1 can be used.</Tip>
            <Value>640,683,684,685,686</Value>
        </Property>
        <Property ID="293">
            <Description>Clock Polarities:</Description>
            <Attribute>0</Attribute>
            <Type>65538</Type>
            <EnumType>SignalPolarity</EnumType>
            <Tip>The supported CLK counting edge types, it would be Positive or Negative,Positive means rising edge and Negative means falling edge. </Tip>
            <Value>1,0</Value>
        </Property>
        <Property ID="294">
            <Description>Gate Polarities:</Description>
            <Attribute>0</Attribute>
            <Type>65538</Type>
            <EnumType>SignalPolarity</EnumType>
            <Tip>The supported gate level types, it would be Positive or Negative,Positive means high level and Negative means low level.</Tip>
            <Value>1,0</Value>
        </Property>
        <Property ID="295">
            <Description>Output Signal Types:</Description>
            <Attribute>0</Attribute>
            <Type>65538</Type>
            <EnumType>OutSignalType</EnumType>
            <Tip>The supported output signal type.</Tip>
            <Value>3,4</Value>
        </Property>
        <Property ID="320">
            <Description>Delay Count Range:</Description>
            <Attribute>2</Attribute>
            <Type>7</Type>
            <EnumType></EnumType>
            <Tip>The supported delay count range which DelayCount should be set in this range.</Tip>
            <Value>5,1,4294967295</Value>
        </Property>
        <Property ID="299">
            <Description>Gate Control:</Description>
            <Attribute>0</Attribute>
            <Type>65538</Type>
            <EnumType></EnumType>
            <Tip>Gets whether the gate pin control can be set by software setting.</Tip>
            <Value>1,1</Value>
        </Property>
        <Property ID="300">
            <Description>Gate Polarities:</Description>
            <Attribute>0</Attribute>
            <Type>65538</Type>
            <EnumType>SignalPolarity</EnumType>
            <Tip>The supported gate level types, it would be Positive or Negative,Positive means high level and Negative means low level.</Tip>
            <Value>1,0</Value>
        </Property>
        <Property ID="301">
            <Description>Output Signal Types:</Description>
            <Attribute>0</Attribute>
            <Type>65538</Type>
            <EnumType>OutSignalType</EnumType>
            <Tip>The supported output signal type.</Tip>
            <Value>3,4</Value>
        </Property>
        <Property ID="302">
            <Description>Frequency Range:</Description>
            <Attribute>2</Attribute>
            <Type>7</Type>
            <EnumType></EnumType>
            <Tip>Gets the supported output range.</Tip>
            <Value>5,0.005,1000</Value>
        </Property>
        <Property ID="213">
            <Description>Frequency Measurement Method:</Description>
            <Attribute>0</Attribute>
            <Type>65538</Type>
            <EnumType>FreqMeasureMethod</EnumType>
            <Tip>The supported frequency measurement method.</Tip>
            <Value>0</Value>
        </Property>
        <Property ID="306">
            <Description>Gate Control:</Description>
            <Attribute>0</Attribute>
            <Type>65538</Type>
            <EnumType></EnumType>
            <Tip>Gets whether the gate pin control can be set by software setting.</Tip>
            <Value>1,1</Value>
        </Property>
        <Property ID="307">
            <Description>Gate Polarities:</Description>
            <Attribute>0</Attribute>
            <Type>65538</Type>
            <EnumType>SignalPolarity</EnumType>
            <Tip>The supported gate level types, it would be Positive or Negative,Positive means high level and Negative means low level.</Tip>
            <Value>1,0</Value>
        </Property>
        <Property ID="335">
            <Description>Whether Support Output Inverse:</Description>
            <Attribute>0</Attribute>
            <Type>65538</Type>
            <EnumType>OutSignalType</EnumType>
            <Tip>Gets whether to inverse the output pulse's high and low in pulse width modulation function. </Tip>
            <Value>3,4</Value>
        </Property>
        <Property ID="308">
            <Description>High Period Range:</Description>
            <Attribute>2</Attribute>
            <Type>7</Type>
            <EnumType></EnumType>
            <Tip>Gets the high period range which can be set for high period.</Tip>
            <Value>5,0.0001,200</Value>
        </Property>
        <Property ID="309">
            <Description>Low Period Range:</Description>
            <Attribute>2</Attribute>
            <Type>7</Type>
            <EnumType></EnumType>
            <Tip>Gets the high period range which can be set for low period.</Tip>
            <Value>5,0.0001,200</Value>
        </Property>
        <Property ID="322">
            <Description>Up-Down Counter Initial Values:</Description>
            <Attribute>2</Attribute>
            <Type>65538</Type>
            <EnumType></EnumType>
            <Tip>The supported initial value which can be used for Up-Down counter value reset.</Tip>
            <Value>0</Value>
        </Property>
        <Property ID="83">
            <Description>Noise Filter Channels:</Description>
            <Attribute>0</Attribute>
            <Type>65536</Type>
            <EnumType></EnumType>
            <Tip>Gets which channel of the selected device supports Noise filter function.Gets the NoiseFiltersOfChannels will return a collection of 8-bit unsigned integer type, The total element number of the collection equals to PortCount multiply by 8. Each element in this collection corresponding to the number's channel, if the channel supporting Noise filter function, the corresponding bit will be 1,otherwise is 0.</Tip>
            <Value>1,1</Value>
        </Property>
        <Property ID="84">
            <Description>Noise Filter Block Time Range:</Description>
            <Attribute>2</Attribute>
            <Type>7</Type>
            <EnumType></EnumType>
            <Tip>The range of the block time which can be set in Noise filter function of the selected device.</Tip>
            <Value>5,0.001,0.255</Value>
        </Property>
    </DaqCounter>
</DAQNavi>
